## 1 - CREATE

CREATE DATABASE shirts_db;
USE shirts_db;

CREATE TABLE shirts
(
    shirt_id INT NOT NULL AUTO_INCREMENT,
    article VARCHAR(255),
    color VARCHAR(255),
    shirt_size VARCHAR(255),
    last_worn INT,
    PRIMARY KEY (shirt_id)
);

DESC shirts;

INSERT INTO shirts (article, color, shirt_size, last_worn) VALUES
    ('t-shirt', 'white', 'S', 10),
    ('t-shirt', 'green', 'S', 200),
    ('polo shirt', 'black', 'M', 10),
    ('tank top', 'blue', 'S', 50),
    ('t-shirt', 'pink', 'S', 0),
    ('polo shirt', 'red', 'M', 5),
    ('tank top', 'white', 'S', 200),
    ('tank top', 'blue', 'M', 15)
    ('polo shirt', 'purple', 'M', 50);

## 2 - SELECT

SELECT * FROM shirts;

SELECT article, color FROM shirts;

SELECT article, color, shirt_size, last_worn FROM shirts WHERE shirt_size ='M';

## 3 - UPDATE

UPDATE shirts SET shirt_size='L' where article='polo shirt';
SELECT article, shirt_size FROM shirts;

UPDATE shirts SET last_worn=0 WHERE last_worn=15;
SELECT article, last_worn FROM shirts;

UPDATE shirts SET shirt_size='XS', color='off white' WHERE color='white';
SELECT article, color, shirt_size FROM shirts;

## 4 - DELETE

DELETE FROM shirts WHERE last_worn=200;
-- We see 7 rows in set -- 

DELETE FROM shirts WHERE article='tank top';
-- We see 5 rows in set -- 

DELETE FROM shirts;
SELECT * FROM shirts;
-- The table is emply --

DROP TABLE shirts;
SHOW TABLES;
-- The table is gone --
